,Index,Home,Away,Game Date,2020,2021,2022,together
0,61349,BOS,PHL,18/10/2022,/,/,/,/
1,61350,GOS,LAL,18/10/2022,/,/,/,/
2,61351,DET,ORL,19/10/2022,/,/,/,/
3,61352,IND,WAS,19/10/2022,/,/,/,/
4,61353,ATL,HOU,19/10/2022,/,/,/,/
5,61354,BKN,NOP,19/10/2022,/,/,/,/
6,61355,MEM,NYK,19/10/2022,/,/,/,/
7,61356,MIA,CHI,19/10/2022,/,/,/,/
8,61357,TOR,CLE,19/10/2022,/,/,/,/
9,61358,MIN,OKC,19/10/2022,/,/,/,/
10,61359,SAN,CHH,19/10/2022,/,/,/,/
11,61360,UTH,DN,19/10/2022,/,/,/,/
12,61361,PHX,DAL,19/10/2022,/,/,/,/
13,61362,SAC,POR,19/10/2022,/,/,/,/
14,61363,PHL,MIL,20/10/2022,/,/,/,/
15,61364,LAL,LAC,20/10/2022,/,/,/,/
16,61365,CHH,NOP,21/10/2022,/,/,/,/
17,61366,IND,SAN,21/10/2022,/,/,/,/
18,61367,WAS,CHI,21/10/2022,/,/,/,/
19,61368,ATL,ORL,21/10/2022,/,/,/,/
20,61369,BKN,TOR,21/10/2022,/,/,/,/
21,61370,MIA,BOS,21/10/2022,/,/,/,/
22,61371,NYK,DET,21/10/2022,/,/,/,/
23,61372,HOU,MEM,21/10/2022,/,/,/,/
24,61373,MIN,UTH,21/10/2022,/,/,/,/
25,61374,GOS,DN,21/10/2022,/,/,/,/
26,61375,POR,PHX,21/10/2022,/,/,/,/
27,61376,PHL,SAN,22/10/2022,/,/,/,/
28,61377,IND,DET,22/10/2022,/,/,/,/
29,61378,ORL,BOS,22/10/2022,/,/,/,/
30,61379,CHI,CLE,22/10/2022,/,/,/,/
31,61380,MIA,TOR,22/10/2022,/,/,/,/
32,61381,MIL,HOU,22/10/2022,/,/,/,/
33,61382,DAL,MEM,22/10/2022,/,/,/,/
34,61383,DN,OKC,22/10/2022,/,/,/,/
35,61384,SAC,LAC,22/10/2022,/,/,/,/
36,61385,LAL,POR,23/10/2022,/,/,/,/
37,61386,ATL,CHH,23/10/2022,/,/,/,/
38,61387,CLE,WAS,23/10/2022,/,/,/,/
39,61388,NOP,UTH,23/10/2022,/,/,/,/
40,61389,OKC,MIN,23/10/2022,/,/,/,/
41,61390,GOS,SAC,23/10/2022,/,/,/,/
42,61391,LAC,PHX,23/10/2022,/,/,/,/
43,61392,PHL,IND,24/10/2022,/,/,/,/
44,61393,MIA,TOR,24/10/2022,/,/,/,/
45,61394,NYK,ORL,24/10/2022,/,/,/,/
46,61395,CHI,BOS,24/10/2022,/,/,/,/
47,61396,HOU,UTH,24/10/2022,/,/,/,/
48,61397,MEM,BKN,24/10/2022,/,/,/,/
49,61398,MIN,SAN,24/10/2022,/,/,/,/
50,61399,POR,DN,24/10/2022,/,/,/,/
51,61400,WAS,DET,25/10/2022,/,/,/,/
52,61401,NOP,DAL,25/10/2022,/,/,/,/
53,61402,OKC,LAC,25/10/2022,/,/,/,/
54,61403,PHX,GOS,25/10/2022,/,/,/,/
55,61404,CLE,ORL,26/10/2022,/,/,/,/
56,61405,DET,ATL,26/10/2022,/,/,/,/
57,61406,MIL,BKN,26/10/2022,/,/,/,/
58,61407,NYK,CHH,26/10/2022,/,/,/,/
59,61408,TOR,PHL,26/10/2022,/,/,/,/
60,61409,CHI,IND,26/10/2022,/,/,/,/
61,61410,MIN,SAN,26/10/2022,/,/,/,/
62,61411,UTH,HOU,26/10/2022,/,/,/,/
63,61412,DN,LAL,26/10/2022,/,/,/,/
64,61413,POR,MIA,26/10/2022,/,/,/,/
65,61414,BKN,DAL,27/10/2022,/,/,/,/
66,61415,OKC,LAC,27/10/2022,/,/,/,/
67,61416,GOS,MIA,27/10/2022,/,/,/,/
68,61417,SAC,MEM,27/10/2022,/,/,/,/
69,61418,DET,ATL,28/10/2022,/,/,/,/
70,61419,ORL,CHH,28/10/2022,/,/,/,/
71,61420,BOS,CLE,28/10/2022,/,/,/,/
72,61421,TOR,PHL,28/10/2022,/,/,/,/
73,61422,WAS,IND,28/10/2022,/,/,/,/
74,61423,MIL,NYK,28/10/2022,/,/,/,/
75,61424,MIN,LAL,28/10/2022,/,/,/,/
76,61425,SAN,CHI,28/10/2022,/,/,/,/
77,61426,DN,UTH,28/10/2022,/,/,/,/
78,61427,PHX,NOP,28/10/2022,/,/,/,/
79,61428,POR,HOU,28/10/2022,/,/,/,/
80,61429,SAC,MIA,29/10/2022,/,/,/,/
81,61430,CHH,GOS,29/10/2022,/,/,/,/
82,61431,BKN,IND,29/10/2022,/,/,/,/
83,61432,CHI,PHL,29/10/2022,/,/,/,/
84,61433,MIL,ATL,29/10/2022,/,/,/,/
85,61434,DAL,OKC,29/10/2022,/,/,/,/
86,61435,UTH,MEM,29/10/2022,/,/,/,/
87,61436,LAC,NOP,30/10/2022,/,/,/,/
88,61437,BOS,WAS,30/10/2022,/,/,/,/
89,61438,CLE,NYK,30/10/2022,/,/,/,/
90,61439,DET,GOS,30/10/2022,/,/,/,/
91,61440,SAN,MIN,30/10/2022,/,/,/,/
92,61441,DAL,ORL,30/10/2022,/,/,/,/
93,61442,PHX,HOU,30/10/2022,/,/,/,/
94,61443,LAL,DN,30/10/2022,/,/,/,/
95,61444,CHH,SAC,31/10/2022,/,/,/,/
96,61445,WAS,PHL,31/10/2022,/,/,/,/
97,61446,BKN,IND,31/10/2022,/,/,/,/
98,61447,TOR,ATL,31/10/2022,/,/,/,/
99,61448,MIL,DET,31/10/2022,/,/,/,/
100,61449,UTH,MEM,31/10/2022,/,/,/,/
101,61450,LAC,HOU,31/10/2022,/,/,/,/
102,61451,BKN,CHI,01/11/2022,/,/,/,/
103,61452,MIA,GOS,01/11/2022,/,/,/,/
104,61453,OKC,ORL,01/11/2022,/,/,/,/
105,61454,PHX,MIN,01/11/2022,/,/,/,/
106,61455,PHL,WAS,02/11/2022,/,/,/,/
107,61456,CLE,BOS,02/11/2022,/,/,/,/
108,61457,MIA,SAC,02/11/2022,/,/,/,/
109,61458,NYK,ATL,02/11/2022,/,/,/,/
110,61459,CHI,CHH,02/11/2022,/,/,/,/
111,61460,HOU,LAC,02/11/2022,/,/,/,/
112,61461,MIL,DET,02/11/2022,/,/,/,/
113,61462,SAN,TOR,02/11/2022,/,/,/,/
114,61463,DAL,UTH,02/11/2022,/,/,/,/
115,61464,POR,MEM,02/11/2022,/,/,/,/
116,61465,LAL,NOP,02/11/2022,/,/,/,/
117,61466,ORL,GOS,03/11/2022,/,/,/,/
118,61467,OKC,DN,03/11/2022,/,/,/,/
119,61468,DET,CLE,04/11/2022,/,/,/,/
120,61469,IND,MIA,04/11/2022,/,/,/,/
121,61470,PHL,NYK,04/11/2022,/,/,/,/
122,61471,WAS,BKN,04/11/2022,/,/,/,/
123,61472,BOS,CHI,04/11/2022,/,/,/,/
124,61473,MEM,CHH,04/11/2022,/,/,/,/
125,61474,SAN,LAC,04/11/2022,/,/,/,/
126,61475,DAL,TOR,04/11/2022,/,/,/,/
127,61476,NOP,GOS,04/11/2022,/,/,/,/
128,61477,MIN,MIL,04/11/2022,/,/,/,/
129,61478,PHX,POR,04/11/2022,/,/,/,/
130,61479,LAL,UTH,04/11/2022,/,/,/,/
131,61480,ORL,SAC,05/11/2022,/,/,/,/
132,61481,CHH,BKN,05/11/2022,/,/,/,/
133,61482,ATL,NOP,05/11/2022,/,/,/,/
134,61483,NYK,BOS,05/11/2022,/,/,/,/
135,61484,MIL,OKC,05/11/2022,/,/,/,/
136,61485,MIN,HOU,05/11/2022,/,/,/,/
137,61486,DN,SAN,05/11/2022,/,/,/,/
138,61487,PHX,POR,05/11/2022,/,/,/,/
139,61488,LAL,CLE,06/11/2022,/,/,/,/
140,61489,MEM,WAS,06/11/2022,/,/,/,/
141,61490,TOR,CHI,06/11/2022,/,/,/,/
142,61491,LAC,UTH,06/11/2022,/,/,/,/
143,61492,CHH,WAS,07/11/2022,Away,Away,Home,/
144,61493,ORL,HOU,07/11/2022,Home,Home,Home,Home
145,61494,DET,OKC,07/11/2022,/,/,/,/
146,61495,IND,NOP,07/11/2022,/,/,/,/
147,61496,PHL,PHX,07/11/2022,/,/,/,/
148,61497,ATL,MIL,07/11/2022,/,/,/,/
149,61498,MIA,POR,07/11/2022,/,/,/,/
150,61499,CHI,TOR,07/11/2022,Away,Away,Away,Away
151,61500,MEM,BOS,07/11/2022,/,/,/,/
152,61501,MIN,NYK,07/11/2022,/,/,/,/
153,61502,SAN,DN,07/11/2022,/,/,/,/
154,61503,DAL,BKN,07/11/2022,/,/,/,/
155,61504,GOS,SAC,07/11/2022,/,/,/,/
156,61505,UTH,LAL,07/11/2022,/,/,/,/
157,61506,LAC,CLE,07/11/2022,/,/,/,/
158,61507,ORL,DAL,09/11/2022,/,/,/,/
159,61508,CHH,POR,09/11/2022,Away,Away,Away,Away
160,61509,IND,DN,09/11/2022,Away,Away,Away,Away
161,61510,ATL,UTH,09/11/2022,Home,Home,Home,Home
162,61511,BOS,DET,09/11/2022,Home,Home,Home,Home
163,61512,BKN,NYK,09/11/2022,Home,Away,Away,/
164,61513,TOR,HOU,09/11/2022,Home,Home,Home,Home
165,61514,CHI,NOP,09/11/2022,Home,Home,Home,Home
166,61515,MIN,PHX,09/11/2022,Away,Away,Away,Away
167,61516,OKC,MIL,09/11/2022,Away,Away,Away,Away
168,61517,SAN,MEM,09/11/2022,Away,Away,Away,Away
169,61518,LAC,LAL,09/11/2022,Home,Home,Home,Home
170,61519,SAC,CLE,09/11/2022,/,/,/,/
171,61520,WAS,DAL,10/11/2022,Home,Away,Away,/
172,61521,ATL,PHL,10/11/2022,Home,Home,Home,Home
173,61522,MIA,CHH,10/11/2022,Home,Home,Home,Home
174,61523,NOP,POR,10/11/2022,Home,Home,Home,Home
175,61524,BOS,DN,11/11/2022,Home,Home,Home,Home
176,61525,ORL,PHX,11/11/2022,Away,Away,Away,Away
177,61526,NYK,DET,11/11/2022,Home,Home,Home,Home
178,61527,OKC,TOR,11/11/2022,Away,Away,Away,Away
179,61528,SAN,MIL,11/11/2022,Away,Away,Away,Away
180,61529,MEM,MIN,11/11/2022,Home,Home,Home,Home
181,61530,GOS,CLE,11/11/2022,Away,Away,Away,Away
182,61531,LAL,SAC,11/11/2022,Away,Away,Away,Away
183,61532,LAC,BKN,12/11/2022,Home,Home,Home,Home
184,61533,WAS,UTH,12/11/2022,Away,Away,Away,Away
185,61534,DET,BOS,12/11/2022,Away,Away,Away,Away
186,61535,IND,TOR,12/11/2022,Home,Away,Away,/
187,61536,PHL,ATL,12/11/2022,Away,Away,Away,Away
188,61537,MIA,CHH,12/11/2022,Home,Home,Home,Home
189,61538,DAL,POR,12/11/2022,Away,Away,Away,Away
190,61539,NOP,HOU,12/11/2022,Home,Home,Home,Home
191,61540,NYK,OKC,13/11/2022,Home,Home,Home,Home
192,61541,CLE,MIN,13/11/2022,Home,Home,Home,Home
193,61542,WAS,MEM,13/11/2022,Home,Away,Home,/
194,61543,PHL,UTH,13/11/2022,Away,Away,Away,Away
195,61544,CHI,DN,13/11/2022,Away,Away,Away,Away
196,61545,SAC,GOS,13/11/2022,Home,Home,Home,Home
197,61546,LAL,BKN,13/11/2022,Away,Away,Away,Away
198,61547,DET,TOR,14/11/2022,Away,Away,Away,Away
199,61548,ORL,CHH,14/11/2022,Home,Home,Home,Home
200,61549,BOS,OKC,14/11/2022,Home,Home,Home,Home
201,61550,MIA,PHX,14/11/2022,Away,Away,Away,Away
202,61551,HOU,LAC,14/11/2022,Away,Away,Away,Away
203,61552,MIL,ATL,14/11/2022,Home,Home,Home,Home
204,61553,GOS,SAN,14/11/2022,Home,Home,Away,/
205,61554,NOP,MEM,15/11/2022,Away,Home,Home,/
206,61555,DAL,LAC,15/11/2022,Away,Home,Home,/
207,61556,UTH,NYK,15/11/2022,Home,Home,Home,Home
208,61557,POR,SAN,15/11/2022,Home,Home,Home,Home
209,61558,SAC,BKN,15/11/2022,Home,Home,Home,Home
210,61559,CHH,IND,16/11/2022,Away,Away,Away,Away
211,61560,ORL,MIN,16/11/2022,Home,Away,Away,/
212,61561,WAS,OKC,16/11/2022,Home,Home,Home,Home
213,61562,ATL,BOS,16/11/2022,Away,Away,Away,Away
214,61563,TOR,MIA,16/11/2022,Home,Home,Home,Home
215,61564,MIL,CLE,16/11/2022,Home,Home,Home,Home
216,61565,NOP,CHI,16/11/2022,Home,Home,Home,Home
217,61566,DAL,HOU,16/11/2022,Home,Home,Home,Home
218,61567,DN,NYK,16/11/2022,Home,Home,Home,Home
219,61568,PHX,GOS,16/11/2022,Home,Home,Home,Home
220,61569,POR,BKN,17/11/2022,Home,Home,Home,Home
221,61570,SAC,SAN,17/11/2022,Home,Home,Home,Home
222,61571,LAC,DET,17/11/2022,Home,Home,Home,Home
223,61572,WAS,MIA,18/11/2022,Home,Home,Home,Home
224,61573,CLE,CHH,18/11/2022,Home,Home,Home,Home
225,61574,PHL,MIL,18/11/2022,Away,Away,Away,Away
226,61575,CHI,ORL,18/11/2022,Home,Home,Home,Home
227,61576,HOU,IND,18/11/2022,Away,Away,Away,Away
228,61577,MEM,OKC,18/11/2022,Home,Home,Home,Home
229,61578,DAL,DN,18/11/2022,Away,Away,Home,/
230,61579,NOP,BOS,18/11/2022,Away,Away,Away,Away
231,61580,UTH,PHX,18/11/2022,Home,Home,Away,/
232,61581,GOS,NYK,18/11/2022,Home,Home,Away,/
233,61582,LAL,DET,18/11/2022,Home,Home,Home,Home
234,61583,ATL,TOR,19/11/2022,Home,Home,Home,Home
235,61584,IND,ORL,19/11/2022,Home,Home,Home,Home
236,61585,PHL,MIN,19/11/2022,Home,Home,Home,Home
237,61586,POR,UTH,19/11/2022,Home,Home,Home,Home
238,61587,LAC,SAN,19/11/2022,Home,Home,Home,Home
239,61588,PHX,NYK,20/11/2022,Home,Home,Home,Home
240,61589,SAC,DET,20/11/2022,Home,Home,Home,Home
241,61590,WAS,CHH,20/11/2022,Home,Home,Home,Home
242,61591,BKN,MEM,20/11/2022,Home,Home,Away,/
243,61592,CLE,MIA,20/11/2022,Home,Home,Home,Home
244,61593,HOU,GOS,20/11/2022,Away,Away,Away,Away
245,61594,DAL,DN,20/11/2022,Home,Home,Home,Home
246,61595,LAL,SAN,20/11/2022,Home,Home,Home,Home
247,61596,CLE,ATL,21/11/2022,Home,Home,Away,/
248,61597,IND,ORL,21/11/2022,Home,Home,Home,Home
249,61598,CHI,BOS,21/11/2022,Away,Away,Away,Away
250,61599,MIL,POR,21/11/2022,Home,Home,Home,Home
251,61600,MIN,MIA,21/11/2022,Home,Home,Home,Home
252,61601,NOP,GOS,21/11/2022,Home,Home,Home,Home
253,61602,OKC,NYK,21/11/2022,Home,Home,Away,/
254,61603,LAC,UTH,21/11/2022,Home,Home,Away,/
255,61604,PHL,BKN,22/11/2022,Home,Home,Home,Home
256,61605,MEM,SAC,22/11/2022,Home,Away,Home,/
257,61606,DN,DET,22/11/2022,Home,Home,Home,Home
258,61607,PHX,LAL,22/11/2022,Home,Home,Home,Home
259,61608,CHH,PHL,23/11/2022,Away,Away,Away,Away
260,61609,CLE,POR,23/11/2022,Home,Home,Home,Home
261,61610,IND,MIN,23/11/2022,Home,Home,Home,Home
262,61611,ATL,SAC,23/11/2022,Home,Away,Home,/
263,61612,BOS,DAL,23/11/2022,Home,Home,Home,Home
264,61613,MIA,WAS,23/11/2022,Away,Home,Away,/
265,61614,TOR,BKN,23/11/2022,Home,Home,Home,Home
266,61615,MIL,CHI,23/11/2022,Home,Home,Home,Home
267,61616,OKC,DN,23/11/2022,Away,Away,Away,Away
268,61617,SAN,NOP,23/11/2022,Away,Away,Away,Away
269,61618,UTH,DET,23/11/2022,Home,Home,Home,Home
270,61619,GOS,LAC,23/11/2022,Away,Away,Away,Away
271,61620,CHH,MIN,25/11/2022,Away,Away,Away,Away
272,61621,ORL,PHL,25/11/2022,Away,Home,Away,/
273,61622,NYK,POR,25/11/2022,Home,Home,Home,Home
274,61623,BOS,SAC,25/11/2022,Home,Home,Home,Home
275,61624,HOU,ATL,25/11/2022,Away,Away,Away,Away
276,61625,IND,BKN,25/11/2022,Home,Home,Home,Home
277,61626,MEM,NOP,25/11/2022,Away,Away,Home,/
278,61627,MIA,WAS,25/11/2022,Away,Home,Away,/
279,61628,MIL,CLE,25/11/2022,Home,Away,Home,/
280,61629,OKC,CHI,25/11/2022,Away,Home,Away,/
281,61630,SAN,LAL,25/11/2022,Away,Away,Home,/
282,61631,PHX,DET,25/11/2022,Home,Home,Home,Home
283,61632,GOS,UTH,25/11/2022,Away,Home,Away,/
284,61633,LAC,DN,25/11/2022,Home,Home,Away,/
285,61634,TOR,DAL,26/11/2022,Home,Home,Home,Home
286,61635,HOU,OKC,26/11/2022,Away,Away,Away,Away
287,61636,SAN,LAL,26/11/2022,Away,Away,Home,/
288,61637,PHX,UTH,26/11/2022,Home,Home,Home,Home
289,61638,BKN,POR,27/11/2022,Home,Away,Away,/
290,61639,MIN,GOS,27/11/2022,Home,Home,Home,Home
291,61640,LAC,IND,27/11/2022,Away,Home,Away,/
292,61641,ATL,MIA,27/11/2022,Home,Home,Home,Home
293,61642,BOS,WAS,27/11/2022,Home,Home,Home,Home
294,61643,DET,CLE,27/11/2022,Away,Away,Away,Away
295,61644,NYK,MEM,27/11/2022,Away,Home,Away,/
296,61645,ORL,PHL,27/11/2022,Away,Away,Away,Away
297,61646,MIL,DAL,27/11/2022,Home,Home,Home,Home
298,61647,PHL,ATL,28/11/2022,Home,Home,Away,/
299,61648,WAS,MIN,28/11/2022,Home,Away,Home,/
300,61649,BOS,CHH,28/11/2022,Home,Home,Home,Home
301,61650,BKN,ORL,28/11/2022,Home,Home,Home,Home
302,61651,TOR,CLE,28/11/2022,Away,Away,Home,/
303,61652,NOP,OKC,28/11/2022,Home,Home,Home,Home
304,61653,DN,HOU,28/11/2022,Home,Home,Home,Home
305,61654,UTH,CHI,28/11/2022,Home,Home,Home,Home
306,61655,SAC,PHX,28/11/2022,Away,Home,Away,/
307,61656,LAL,IND,28/11/2022,Away,Home,Away,/
308,61657,DET,NYK,29/11/2022,Away,Away,Away,Away
309,61658,DAL,GOS,29/11/2022,Away,Away,Home,/
310,61659,POR,LAC,29/11/2022,Home,Home,Home,Home
311,61660,CLE,PHL,30/11/2022,Home,Home,Home,Home
312,61661,ORL,ATL,30/11/2022,Away,Away,Away,Away
313,61662,BOS,MIA,30/11/2022,Home,Home,Home,Home
314,61663,BKN,WAS,30/11/2022,Home,Home,Away,/
315,61664,NYK,MIL,30/11/2022,Away,Home,Away,/
316,61665,MIN,MEM,30/11/2022,Home,Home,Away,/
317,61666,NOP,TOR,30/11/2022,Home,Home,Home,Home
318,61667,OKC,SAN,30/11/2022,Home,Home,Home,Home
319,61668,DN,HOU,30/11/2022,Home,Home,Home,Home
320,61669,PHX,CHI,30/11/2022,Home,Home,Home,Home
321,61670,UTH,LAC,30/11/2022,Home,Home,Home,Home
322,61671,SAC,IND,30/11/2022,Home,Home,Away,/
323,61672,LAL,POR,30/11/2022,Home,Away,Away,/
324,61673,DET,DAL,01/12/2022,Away,Away,Away,Away
325,61674,CHH,WAS,02/12/2022,Away,Away,Away,Away
326,61675,ATL,DN,02/12/2022,Away,Away,Away,Away
327,61676,BOS,MIA,02/12/2022,Home,Home,Home,Home
328,61677,BKN,TOR,02/12/2022,Home,Home,Away,/
329,61678,CLE,ORL,02/12/2022,Home,Home,Home,Home
330,61679,MIL,LAL,02/12/2022,Home,Home,Home,Home
331,61680,MEM,PHL,02/12/2022,Home,Away,Home,/
332,61681,SAN,NOP,02/12/2022,Away,Away,Away,Away
333,61682,PHX,HOU,02/12/2022,Home,Home,Home,Home
334,61683,UTH,IND,02/12/2022,Home,Home,Away,/
335,61684,GOS,CHI,02/12/2022,Home,Home,Home,Home
336,61685,NYK,DAL,03/12/2022,Home,Home,Home,Home
337,61686,LAC,SAC,03/12/2022,Away,Away,Home,/
338,61687,CHH,MIL,03/12/2022,Away,Away,Away,Away
339,61688,MIN,OKC,03/12/2022,Home,Home,Home,Home
340,61689,TOR,ORL,03/12/2022,Home,Home,Home,Home
341,61690,GOS,HOU,03/12/2022,Home,Home,Home,Home
342,61691,UTH,POR,03/12/2022,Home,Home,Home,Home
343,61692,NOP,DN,04/12/2022,Home,Home,Home,Home
344,61693,SAN,PHX,04/12/2022,Away,Away,Away,Away
345,61694,BKN,BOS,04/12/2022,Away,Away,Away,Away
346,61695,DET,MEM,04/12/2022,Away,Away,Away,Away
347,61696,NYK,CLE,04/12/2022,Away,Away,Home,/
348,61697,SAC,CHI,04/12/2022,Home,Home,Home,Home
349,61698,WAS,LAL,04/12/2022,Home,Home,Home,Home
350,61699,POR,IND,04/12/2022,Home,Home,Away,/
351,61700,CHH,LAC,05/12/2022,Away,Away,Away,Away
352,61701,ORL,MIL,05/12/2022,Away,Away,Away,Away
353,61702,ATL,OKC,05/12/2022,Home,Home,Home,Home
354,61703,TOR,BOS,05/12/2022,Away,Away,Away,Away
355,61704,HOU,PHL,05/12/2022,Away,Away,Away,Away
356,61705,MEM,MIA,05/12/2022,Home,Home,Home,Home
357,61706,DAL,PHX,05/12/2022,Away,Away,Away,Away
358,61707,GOS,IND,05/12/2022,Home,Home,Away,/
359,61708,CLE,LAL,06/12/2022,Home,Home,Home,Home
360,61709,MIA,DET,06/12/2022,Home,Home,Home,Home
361,61710,DN,DAL,06/12/2022,Home,Home,Home,Home
362,61711,ORL,LAC,07/12/2022,Away,Away,Away,Away
363,61712,BKN,CHH,07/12/2022,Home,Home,Home,Home
364,61713,NYK,ATL,07/12/2022,Home,Away,Home,/
365,61714,TOR,LAL,07/12/2022,Away,Home,Home,/
366,61715,CHI,WAS,07/12/2022,Away,Home,Away,/
367,61716,MEM,OKC,07/12/2022,Home,Home,Home,Home
368,61717,MIL,SAC,07/12/2022,Home,Home,Home,Home
369,61718,MIN,IND,07/12/2022,Home,Home,Away,/
370,61719,NOP,DET,07/12/2022,Home,Home,Home,Home
371,61720,UTH,GOS,07/12/2022,Home,Home,Home,Home
372,61721,PHX,BOS,07/12/2022,Away,Away,Away,Away
373,61722,MIA,LAC,08/12/2022,Home,Home,Home,Home
374,61723,SAN,HOU,08/12/2022,Home,Away,Home,/
375,61724,POR,DN,08/12/2022,Away,Home,Home,/
376,61725,CHH,NYK,09/12/2022,Away,Away,Away,Away
377,61726,IND,WAS,09/12/2022,Away,Home,Home,/
378,61727,ORL,TOR,09/12/2022,Away,Away,Away,Away
379,61728,BKN,ATL,09/12/2022,Home,Home,Home,Home
380,61729,CLE,SAC,09/12/2022,Home,Home,Home,Home
381,61730,PHL,LAL,09/12/2022,Away,Home,Home,/
382,61731,MEM,DET,09/12/2022,Home,Home,Home,Home
383,61732,NOP,PHX,09/12/2022,Home,Home,Home,Home
384,61733,UTH,MIN,09/12/2022,Home,Home,Home,Home
385,61734,DAL,MIL,09/12/2022,Away,Away,Away,Away
386,61735,MIA,SAN,10/12/2022,Home,Home,Home,Home
387,61736,IND,BKN,10/12/2022,Away,Home,Home,/
388,61737,WAS,LAC,10/12/2022,Home,Home,Home,Home
389,61738,CLE,OKC,10/12/2022,Home,Home,Home,Home
390,61739,CHI,DAL,10/12/2022,Home,Home,Home,Home
391,61740,GOS,BOS,10/12/2022,Away,Away,Away,Away
392,61741,DN,UTH,10/12/2022,Home,Home,Home,Home
393,61742,POR,MIN,10/12/2022,Home,Home,Home,Home
394,61743,NOP,PHX,11/12/2022,Home,Home,Home,Home
395,61744,DET,LAL,11/12/2022,Away,Away,Away,Away
396,61745,NYK,SAC,11/12/2022,Home,Away,Home,/
397,61746,ORL,TOR,11/12/2022,Away,Away,Away,Away
398,61747,PHL,CHH,11/12/2022,Home,Home,Home,Home
399,61748,ATL,CHI,11/12/2022,Home,Home,Home,Home
400,61749,HOU,MIL,11/12/2022,Away,Away,Away,Away
401,61750,IND,MIA,12/12/2022,Home,Home,Home,Home
402,61751,WAS,BKN,12/12/2022,Away,Away,Home,/
403,61752,MEM,ATL,12/12/2022,Home,Home,Home,Home
404,61753,DAL,OKC,12/12/2022,Home,Home,Home,Home
405,61754,SAN,CLE,12/12/2022,Away,Away,Away,Away
406,61755,POR,MIN,12/12/2022,Home,Home,Home,Home
407,61756,LAC,BOS,12/12/2022,Away,Away,Away,Away
408,61757,PHL,SAC,13/12/2022,Home,Home,Home,Home
409,61758,MIL,GOS,13/12/2022,Home,Home,Home,Home
410,61759,HOU,PHX,13/12/2022,Away,Away,Away,Away
411,61760,UTH,NOP,13/12/2022,Away,Away,Away,Away
412,61761,LAL,BOS,13/12/2022,Away,Away,Away,Away
413,61762,CHH,DET,14/12/2022,Home,Away,Home,/
414,61763,IND,GOS,14/12/2022,Home,Home,Home,Home
415,61764,ORL,ATL,14/12/2022,Away,Away,Away,Away
416,61765,CHI,NYK,14/12/2022,Home,Home,Away,/
417,61766,TOR,SAC,14/12/2022,Home,Away,Home,/
418,61767,OKC,MIA,14/12/2022,Away,Home,Away,/
419,61768,SAN,POR,14/12/2022,Away,Away,Away,Away
420,61769,DAL,CLE,14/12/2022,Home,Home,Away,/
421,61770,DN,WAS,14/12/2022,Home,Home,Home,Home
422,61771,LAC,MIN,14/12/2022,Home,Home,Home,Home
423,61772,HOU,MIA,15/12/2022,Away,Away,Away,Away
424,61773,MEM,MIL,15/12/2022,Home,Away,Home,/
425,61774,UTH,NOP,15/12/2022,Away,Away,Away,Away
426,61775,LAC,PHX,15/12/2022,Home,Away,Home,/
427,61776,CHH,ATL,16/12/2022,Away,Away,Away,Away
428,61777,DET,SAC,16/12/2022,Away,Away,Away,Away
429,61778,BOS,ORL,16/12/2022,Home,Home,Home,Home
430,61779,CLE,IND,16/12/2022,Home,Home,Home,Home
431,61780,PHL,GOS,16/12/2022,Home,Home,Home,Home
432,61781,TOR,BKN,16/12/2022,Away,Away,Home,/
433,61782,CHI,NYK,16/12/2022,Home,Away,Away,/
434,61783,OKC,MIN,16/12/2022,Away,Home,Home,/
435,61784,DAL,POR,16/12/2022,Away,Away,Home,/
436,61785,LAL,DN,16/12/2022,Away,Away,Away,Away
437,61786,LAC,WAS,17/12/2022,Home,Home,Home,Home
438,61787,SAN,MIA,17/12/2022,Away,Away,Away,Away
439,61788,CLE,DAL,17/12/2022,Home,Home,Home,Home
440,61789,HOU,POR,17/12/2022,Away,Away,Away,Away
441,61790,MIL,UTH,17/12/2022,Home,Home,Home,Home
442,61791,OKC,MEM,17/12/2022,Away,Away,Away,Away
443,61792,PHX,NOP,17/12/2022,Away,Home,Away,/
444,61793,BOS,ORL,18/12/2022,Home,Home,Home,Home
445,61794,IND,NYK,18/12/2022,Home,Away,Home,/
446,61795,DET,BKN,18/12/2022,Away,Away,Away,Away
447,61796,TOR,GOS,18/12/2022,Home,Home,Home,Home
448,61797,MIN,CHI,18/12/2022,Away,Home,Home,/
449,61798,DN,CHH,18/12/2022,Home,Home,Home,Home
450,61799,LAL,WAS,18/12/2022,Home,Home,Home,Home
451,61800,CLE,UTH,19/12/2022,Home,Home,Home,Home
452,61801,PHL,TOR,19/12/2022,Home,Home,Home,Home
453,61802,ATL,ORL,19/12/2022,Home,Home,Home,Home
454,61803,HOU,SAN,19/12/2022,Home,Home,Home,Home
455,61804,MIN,DAL,19/12/2022,Home,Home,Away,/
456,61805,NOP,MIL,19/12/2022,Home,Home,Away,/
457,61806,OKC,POR,19/12/2022,Away,Away,Away,Away
458,61807,PHX,LAL,19/12/2022,Home,Home,Home,Home
459,61808,SAC,CHH,19/12/2022,Home,Home,Home,Home
460,61809,DET,UTH,20/12/2022,Away,Away,Away,Away
461,61810,MIA,CHI,20/12/2022,Away,Home,Home,/
462,61811,NYK,GOS,20/12/2022,Home,Home,Home,Home
463,61812,PHX,WAS,20/12/2022,Home,Home,Home,Home
464,61813,DN,MEM,20/12/2022,Away,Home,Away,/
465,61814,CLE,MIL,21/12/2022,Home,Home,Away,/
466,61815,PHL,DET,21/12/2022,Home,Home,Home,Home
467,61816,ATL,CHI,21/12/2022,Home,Home,Home,Home
468,61817,BOS,IND,21/12/2022,Home,Home,Home,Home
469,61818,BKN,GOS,21/12/2022,Home,Home,Home,Home
470,61819,NYK,TOR,21/12/2022,Home,Home,Home,Home
471,61820,HOU,ORL,21/12/2022,Home,Away,Home,/
472,61821,MIN,DAL,21/12/2022,Home,Home,Home,Home
473,61822,OKC,POR,21/12/2022,Home,Away,Home,/
474,61823,SAC,LAL,21/12/2022,Home,Home,Home,Home
475,61824,LAC,CHH,21/12/2022,Home,Home,Home,Home
476,61825,NOP,SAN,22/12/2022,Home,Home,Home,Home
477,61826,UTH,WAS,22/12/2022,Home,Home,Home,Home
478,61827,ORL,SAN,23/12/2022,Home,Home,Home,Home
479,61828,PHL,LAC,23/12/2022,Home,Home,Home,Home
480,61829,ATL,DET,23/12/2022,Home,Home,Home,Home
481,61830,BOS,MIN,23/12/2022,Home,Home,Home,Home
482,61831,BKN,MIL,23/12/2022,Home,Home,Away,/
483,61832,CLE,TOR,23/12/2022,Home,Home,Home,Home
484,61833,NYK,CHI,23/12/2022,Home,Home,Home,Home
485,61834,HOU,DAL,23/12/2022,Away,Away,Away,Away
486,61835,MIA,IND,23/12/2022,Away,Home,Home,/
487,61836,OKC,NOP,23/12/2022,Away,Away,Away,Away
488,61837,DN,POR,23/12/2022,Home,Away,Home,/
489,61838,PHX,MEM,23/12/2022,Away,Home,Home,/
490,61839,SAC,WAS,23/12/2022,Home,Home,Home,Home
491,61840,LAL,CHH,23/12/2022,Home,Home,Home,Home
492,61841,NYK,PHL,25/12/2022,Away,Home,Away,/
493,61842,DAL,LAL,25/12/2022,Home,Home,Home,Home
494,61843,BOS,MIL,25/12/2022,Home,Away,Home,/
495,61844,GOS,MEM,25/12/2022,Away,Away,Away,Away
496,61845,DN,PHX,25/12/2022,Home,Home,Home,Home
497,61846,CLE,BKN,26/12/2022,Home,Away,Home,/
498,61847,DET,LAC,26/12/2022,Away,Away,Away,Away
499,61848,MIA,MIN,26/12/2022,Away,Home,Home,/
500,61849,CHI,HOU,26/12/2022,Home,Home,Home,Home
501,61850,NOP,IND,26/12/2022,Home,Home,Home,Home
502,61851,SAN,UTH,26/12/2022,Away,Away,Away,Away
503,61852,POR,CHH,26/12/2022,Home,Home,Home,Home
504,61853,ORL,LAL,27/12/2022,Home,Home,Home,Home
505,61854,WAS,PHL,27/12/2022,Away,Away,Away,Away
506,61855,BOS,HOU,27/12/2022,Home,Home,Home,Home
507,61856,IND,ATL,27/12/2022,Away,Home,Away,/
508,61857,TOR,LAC,27/12/2022,Home,Home,Home,Home
509,61858,MEM,PHX,27/12/2022,Home,Home,Home,Home
510,61859,OKC,SAN,27/12/2022,Home,Home,Home,Home
511,61860,DAL,NYK,27/12/2022,Home,Away,Home,/
512,61861,GOS,CHH,27/12/2022,Home,Home,Home,Home
513,61862,SAC,DN,27/12/2022,Away,Home,Away,/
514,61863,DET,ORL,28/12/2022,Away,Away,Away,Away
515,61864,WAS,PHX,28/12/2022,Away,Home,Away,/
516,61865,ATL,BKN,28/12/2022,Away,Away,Home,/
517,61866,MIA,LAL,28/12/2022,Home,Home,Home,Home
518,61867,CHI,MIL,28/12/2022,Home,Home,Away,/
519,61868,NOP,MIN,28/12/2022,Home,Home,Home,Home
520,61869,GOS,UTH,28/12/2022,Home,Home,Home,Home
521,61870,SAC,DN,28/12/2022,Away,Away,Away,Away
522,61871,CHH,OKC,29/12/2022,Away,Home,Away,/
523,61872,IND,CLE,29/12/2022,Away,Home,Away,/
524,61873,BOS,LAC,29/12/2022,Home,Home,Home,Home
525,61874,TOR,MEM,29/12/2022,Away,Away,Away,Away
526,61875,SAN,NYK,29/12/2022,Away,Away,Away,Away
527,61876,DAL,HOU,29/12/2022,Home,Home,Home,Home
528,61877,ORL,WAS,30/12/2022,Home,Home,Home,Home
529,61878,ATL,LAL,30/12/2022,Home,Home,Home,Home
530,61879,TOR,PHX,30/12/2022,Home,Home,Away,/
531,61880,CHI,DET,30/12/2022,Home,Home,Home,Home
532,61881,MIL,MIN,30/12/2022,Home,Home,Home,Home
533,61882,NOP,PHL,30/12/2022,Home,Home,Home,Home
534,61883,DN,MIA,30/12/2022,Home,Home,Home,Home
535,61884,GOS,POR,30/12/2022,Home,Away,Home,/
536,61885,SAC,UTH,30/12/2022,Home,Home,Home,Home
537,61886,IND,LAC,31/12/2022,Home,Home,Home,Home
538,61887,CHI,CLE,31/12/2022,Away,Home,Away,/
539,61888,CHH,BKN,31/12/2022,Away,Away,Away,Away
540,61889,HOU,NYK,31/12/2022,Away,Away,Away,Away
541,61890,SAN,DAL,31/12/2022,Away,Away,Away,Away
542,61891,MEM,NOP,31/12/2022,Home,Away,Home,/
543,61892,MIN,DET,31/12/2022,Home,Home,Home,Home
544,61893,OKC,PHL,31/12/2022,Away,Away,Away,Away
545,61894,UTH,MIA,31/12/2022,Home,Home,Away,/
546,61895,DN,BOS,01/01/2023,Home,Home,Away,/
547,61896,MEM,SAC,01/01/2023,Home,Home,Home,Home
548,61897,MIL,WAS,01/01/2023,Home,Home,Home,Home
549,61898,NYK,PHX,02/01/2023,Home,Home,Home,Home
550,61899,CHH,LAL,02/01/2023,Away,Away,Home,/
551,61900,CLE,CHI,02/01/2023,Home,Home,Home,Home
552,61901,IND,TOR,02/01/2023,Home,Home,Home,Home
553,61902,PHL,NOP,02/01/2023,Home,Home,Home,Home
554,61903,BKN,SAN,02/01/2023,Home,Home,Home,Home
555,61904,HOU,DAL,02/01/2023,Away,Away,Away,Away
556,61905,MIN,DN,02/01/2023,Away,Away,Away,Away
557,61906,GOS,ATL,02/01/2023,Away,Home,Away,/
558,61907,POR,DET,02/01/2023,Home,Home,Home,Home
559,61908,LAC,MIA,02/01/2023,Home,Home,Away,/
560,61909,MIL,WAS,03/01/2023,Home,Home,Home,Home
561,61910,OKC,BOS,03/01/2023,Away,Away,Away,Away
562,61911,UTH,SAC,03/01/2023,Away,Away,Away,Away
563,61912,CHH,MEM,04/01/2023,Away,Away,Away,Away
564,61913,CLE,PHX,04/01/2023,Home,Home,Home,Home
565,61914,ORL,OKC,04/01/2023,Home,Home,Home,Home
566,61915,PHL,IND,04/01/2023,Home,Home,Home,Home
567,61916,NYK,SAN,04/01/2023,Home,Home,Home,Home
568,61917,TOR,MIL,04/01/2023,Away,Away,Away,Away
569,61918,CHI,BKN,04/01/2023,Away,Away,Away,Away
570,61919,MIN,POR,04/01/2023,Home,Away,Home,/
571,61920,NOP,HOU,04/01/2023,Home,Home,Home,Home
572,61921,GOS,DET,04/01/2023,Home,Home,Home,Home
573,61922,LAL,MIA,04/01/2023,Home,Home,Away,/
574,61923,SAC,ATL,04/01/2023,Home,Home,Home,Home
575,61924,ORL,MEM,05/01/2023,Away,Away,Away,Away
576,61925,DAL,BOS,05/01/2023,Home,Home,Away,/
577,61926,HOU,UTH,05/01/2023,Away,Away,Away,Away
578,61927,DN,LAC,05/01/2023,Home,Home,Home,Home
579,61928,IND,POR,06/01/2023,Home,Home,Home,Home
580,61929,PHL,CHI,06/01/2023,Home,Home,Home,Home
581,61930,NOP,BKN,06/01/2023,Away,Away,Home,/
582,61931,TOR,NYK,06/01/2023,Away,Away,Home,/
583,61932,MIL,CHH,06/01/2023,Home,Home,Home,Home
584,61933,OKC,WAS,06/01/2023,Away,Home,Home,/
585,61934,SAN,DET,06/01/2023,Home,Home,Home,Home
586,61935,DN,CLE,06/01/2023,Home,Home,Home,Home
587,61936,MIN,LAC,06/01/2023,Home,Home,Home,Home
588,61937,PHX,MIA,06/01/2023,Home,Away,Away,/
589,61938,LAL,ATL,06/01/2023,Away,Home,Away,/
590,61939,SAN,BOS,07/01/2023,Away,Away,Away,Away
591,61940,CHI,UTH,07/01/2023,Home,Home,Home,Home
592,61941,DAL,NOP,07/01/2023,Home,Away,Home,/
593,61942,GOS,ORL,07/01/2023,Home,Home,Home,Home
594,61943,SAC,LAL,07/01/2023,Home,Home,Home,Home
595,61944,DET,PHL,08/01/2023,Away,Away,Away,Away
596,61945,TOR,POR,08/01/2023,Home,Away,Home,/
597,61946,IND,CHH,08/01/2023,Home,Home,Home,Home
598,61947,MEM,UTH,08/01/2023,Home,Home,Home,Home
599,61948,MIA,BKN,08/01/2023,Away,Away,Home,/
600,61949,HOU,MIN,08/01/2023,Away,Away,Away,Away
601,61950,OKC,DAL,08/01/2023,Away,Home,Away,/
602,61951,PHX,CLE,08/01/2023,Away,Away,Away,Away
603,61952,LAC,ATL,08/01/2023,Away,Home,Away,/
604,61953,WAS,NOP,09/01/2023,Home,Away,Away,/
605,61954,BOS,CHI,09/01/2023,Home,Home,Home,Home
606,61955,NYK,MIL,09/01/2023,Home,Home,Away,/
607,61956,MEM,SAN,09/01/2023,Home,Home,Home,Home
608,61957,DN,LAL,09/01/2023,Home,Home,Home,Home
609,61958,SAC,ORL,09/01/2023,Home,Home,Home,Home
610,61959,PHL,DET,10/01/2023,Home,Home,Home,Home
611,61960,MIA,OKC,10/01/2023,Home,Home,Home,Home
612,61961,TOR,CHH,10/01/2023,Home,Home,Home,Home
613,61962,UTH,CLE,10/01/2023,Away,Away,Home,/
614,61963,GOS,PHX,10/01/2023,Home,Home,Home,Home
615,61964,POR,ORL,10/01/2023,Home,Home,Home,Home
616,61965,LAC,DAL,10/01/2023,Away,Home,Home,/
617,61966,DET,MIN,11/01/2023,Away,Away,Away,Away
618,61967,WAS,CHI,11/01/2023,Home,Away,Away,/
619,61968,ATL,MIL,11/01/2023,Home,Home,Home,Home
620,61969,BOS,NOP,11/01/2023,Home,Home,Home,Home
621,61970,NYK,IND,11/01/2023,Away,Away,Away,Away
622,61971,MEM,SAN,11/01/2023,Home,Home,Home,Home
623,61972,DN,PHX,11/01/2023,Home,Home,Home,Home
624,61973,SAC,HOU,11/01/2023,Home,Home,Home,Home
625,61974,PHL,OKC,12/01/2023,Home,Home,Home,Home
626,61975,BKN,BOS,12/01/2023,Home,Home,Away,/
627,61976,MIA,MIL,12/01/2023,Away,Home,Home,/
628,61977,TOR,CHH,12/01/2023,Home,Home,Home,Home
629,61978,LAL,DAL,12/01/2023,Home,Home,Away,/
630,61979,POR,CLE,12/01/2023,Away,Away,Away,Away
631,61980,DET,NOP,13/01/2023,Away,Away,Away,Away
632,61981,IND,ATL,13/01/2023,Home,Home,Home,Home
633,61982,WAS,NYK,13/01/2023,Home,Home,Away,/
634,61983,SAN,GOS,13/01/2023,Home,Home,Away,/
635,61984,CHI,OKC,13/01/2023,Home,Home,Home,Home
636,61985,MIN,PHX,13/01/2023,Home,Home,Home,Home
637,61986,UTH,ORL,13/01/2023,Home,Home,Home,Home
638,61987,LAC,DN,13/01/2023,Away,Away,Away,Away
639,61988,SAC,HOU,13/01/2023,Home,Home,Home,Home
640,61989,MIA,MIL,14/01/2023,Home,Home,Home,Home
641,61990,CHH,BOS,14/01/2023,Away,Away,Away,Away
642,61991,IND,MEM,14/01/2023,Away,Home,Away,/
643,61992,TOR,ATL,14/01/2023,Away,Home,Home,/
644,61993,MIN,CLE,14/01/2023,Home,Home,Away,/
645,61994,UTH,PHL,14/01/2023,Away,Away,Away,Away
646,61995,POR,DAL,14/01/2023,Away,Away,Away,Away
647,61996,DET,NYK,15/01/2023,Away,Away,Away,Away
648,61997,LAC,HOU,15/01/2023,Home,Home,Home,Home
649,61998,CHI,GOS,15/01/2023,Home,Home,Away,/
650,61999,BKN,OKC,15/01/2023,Home,Home,Home,Home
651,62000,SAN,SAC,15/01/2023,Away,Away,Away,Away
652,62001,DN,ORL,15/01/2023,Home,Home,Home,Home
653,62002,POR,DAL,15/01/2023,Home,Home,Home,Home
654,62003,LAL,PHL,15/01/2023,Away,Away,Away,Away
655,62004,CHH,BOS,16/01/2023,Away,Away,Away,Away
656,62005,MIL,IND,16/01/2023,Away,Home,Home,/
657,62006,CLE,NOP,16/01/2023,Home,Home,Home,Home
658,62007,NYK,TOR,16/01/2023,Home,Home,Home,Home
659,62008,WAS,GOS,16/01/2023,Home,Home,Away,/
660,62009,ATL,MIA,16/01/2023,Home,Home,Away,/
661,62010,MIN,UTH,16/01/2023,Home,Home,Away,/
662,62011,MEM,PHX,16/01/2023,Home,Home,Home,Home
663,62012,LAL,HOU,16/01/2023,Home,Home,Home,Home
664,62013,MIL,TOR,17/01/2023,Home,Home,Home,Home
665,62014,SAN,BKN,17/01/2023,Away,Away,Away,Away
666,62015,DN,POR,17/01/2023,Home,Home,Home,Home
667,62016,LAC,PHL,17/01/2023,Away,Away,Away,Away
668,62017,DAL,ATL,18/01/2023,Home,Home,Away,/
669,62018,NYK,WAS,18/01/2023,Home,Home,Home,Home
670,62019,HOU,CHH,18/01/2023,Away,Away,Away,Away
671,62020,MEM,CLE,18/01/2023,Home,Home,Home,Home
672,62021,NOP,MIA,18/01/2023,Home,Home,Away,/
673,62022,OKC,IND,18/01/2023,Away,Home,Away,/
674,62023,UTH,LAC,18/01/2023,Home,Home,Home,Home
675,62024,DN,MIN,18/01/2023,Home,Home,Home,Home
676,62025,LAL,SAC,18/01/2023,Home,Away,Away,/
677,62026,DET,CHI,19/01/2023,Away,Away,Away,Away
678,62027,BOS,GOS,19/01/2023,Home,Home,Home,Home
679,62028,MIN,TOR,19/01/2023,Home,Home,Away,/
680,62029,PHX,BKN,19/01/2023,Away,Away,Away,Away
681,62030,POR,PHL,19/01/2023,Away,Away,Away,Away
682,62031,ORL,NOP,20/01/2023,Away,Away,Away,Away
683,62032,ATL,NYK,20/01/2023,Home,Home,Away,/
684,62033,CLE,GOS,20/01/2023,Home,Home,Home,Home
685,62034,DAL,MIA,20/01/2023,Home,Away,Away,/
686,62035,SAN,LAC,20/01/2023,Away,Away,Away,Away
687,62036,DN,IND,20/01/2023,Home,Home,Home,Home
688,62037,UTH,BKN,20/01/2023,Away,Away,Away,Away
689,62038,LAL,MEM,20/01/2023,Away,Away,Away,Away
690,62039,SAC,OKC,20/01/2023,Home,Home,Home,Home
691,62040,TOR,BOS,21/01/2023,Away,Away,Away,Away
692,62041,WAS,ORL,21/01/2023,Home,Home,Home,Home
693,62042,ATL,CHH,21/01/2023,Home,Home,Home,Home
694,62043,CLE,MIL,21/01/2023,Home,Home,Away,/
695,62044,MIN,HOU,21/01/2023,Home,Home,Home,Home
696,62045,PHX,IND,21/01/2023,Away,Home,Away,/
697,62046,SAC,PHL,21/01/2023,Home,Home,Away,/
698,62047,DAL,LAC,22/01/2023,Home,Home,Home,Home
699,62048,MIA,NOP,22/01/2023,Home,Home,Home,Home
700,62049,TOR,NYK,22/01/2023,Home,Away,Home,/
701,62050,DN,OKC,22/01/2023,Home,Home,Home,Home
702,62051,PHX,MEM,22/01/2023,Away,Away,Away,Away
703,62052,GOS,BKN,22/01/2023,Away,Home,Away,/
704,62053,POR,LAL,22/01/2023,Away,Home,Away,/
705,62054,DET,MIL,23/01/2023,Away,Away,Away,Away
706,62055,ORL,BOS,23/01/2023,Away,Away,Away,Away
707,62056,CHI,ATL,23/01/2023,Home,Home,Home,Home
708,62057,HOU,MIN,23/01/2023,Away,Away,Away,Away
709,62058,UTH,CHH,23/01/2023,Home,Home,Home,Home
710,62059,POR,SAN,23/01/2023,Home,Home,Home,Home
711,62060,SAC,MEM,23/01/2023,Home,Home,Away,/
712,62061,IND,CHI,24/01/2023,Away,Away,Home,/
713,62062,MIA,BOS,24/01/2023,Away,Away,Away,Away
714,62063,NYK,CLE,24/01/2023,Away,Home,Away,/
715,62064,NOP,DN,24/01/2023,Away,Away,Away,Away
716,62065,DAL,WAS,24/01/2023,Home,Home,Home,Home
717,62066,PHX,CHH,24/01/2023,Home,Home,Home,Home
718,62067,LAL,LAC,24/01/2023,Home,Home,Home,Home
719,62068,ORL,IND,25/01/2023,Home,Home,Away,/
720,62069,PHL,BKN,25/01/2023,Home,Home,Home,Home
721,62070,HOU,WAS,25/01/2023,Away,Away,Away,Away
722,62071,MIL,DN,25/01/2023,Away,Away,Away,Away
723,62072,NOP,MIN,25/01/2023,Home,Home,Home,Home
724,62073,OKC,ATL,25/01/2023,Home,Home,Home,Home
725,62074,GOS,MEM,25/01/2023,Away,Away,Away,Away
726,62075,POR,UTH,25/01/2023,Home,Home,Home,Home
727,62076,SAC,TOR,25/01/2023,Home,Home,Home,Home
728,62077,LAL,SAN,25/01/2023,Home,Home,Home,Home
729,62078,BOS,NYK,26/01/2023,Home,Home,Home,Home
730,62079,BKN,DET,26/01/2023,Home,Home,Home,Home
731,62080,CHH,CHI,26/01/2023,Away,Away,Away,Away
732,62081,HOU,CLE,26/01/2023,Away,Away,Away,Away
733,62082,PHX,DAL,26/01/2023,Home,Home,Home,Home
734,62083,LAC,SAN,26/01/2023,Home,Home,Home,Home
735,62084,IND,MIL,27/01/2023,Away,Away,Away,Away
736,62085,MIN,MEM,27/01/2023,Away,Away,Away,Away
737,62086,MIA,ORL,27/01/2023,Home,Home,Home,Home
738,62087,OKC,CLE,27/01/2023,Away,Home,Home,/
739,62088,GOS,TOR,27/01/2023,Home,Home,Home,Home
740,62089,PHL,DN,28/01/2023,Home,Home,Home,Home
741,62090,BKN,NYK,28/01/2023,Home,Home,Home,Home
742,62091,DET,HOU,28/01/2023,Home,Home,Home,Home
743,62092,ORL,CHI,28/01/2023,Away,Away,Away,Away
744,62093,ATL,LAC,28/01/2023,Home,Home,Home,Home
745,62094,MIN,SAC,28/01/2023,Away,Away,Away,Away
746,62095,NOP,WAS,28/01/2023,Home,Home,Home,Home
747,62096,SAN,PHX,28/01/2023,Away,Away,Away,Away
748,62097,BOS,LAL,28/01/2023,Home,Home,Home,Home
749,62098,UTH,DAL,28/01/2023,Home,Home,Home,Home
750,62099,POR,TOR,28/01/2023,Home,Home,Away,/
751,62100,CHH,MIA,29/01/2023,Away,Away,Away,Away
752,62101,MEM,IND,29/01/2023,Home,Home,Home,Home
753,62102,CLE,LAC,29/01/2023,Home,Away,Home,/
754,62103,MIL,NOP,29/01/2023,Home,Home,Home,Home
755,62104,PHL,ORL,30/01/2023,Home,Home,Home,Home
756,62105,BKN,LAL,30/01/2023,Home,Home,Home,Home
757,62106,MIN,SAC,30/01/2023,Home,Home,Away,/
758,62107,OKC,GOS,30/01/2023,Home,Home,Home,Home
759,62108,SAN,WAS,30/01/2023,Away,Away,Away,Away
760,62109,DAL,DET,30/01/2023,Home,Home,Home,Home
761,62110,PHX,TOR,30/01/2023,Home,Home,Home,Home
762,62111,POR,ATL,30/01/2023,Home,Away,Home,/
763,62112,CLE,MIA,31/01/2023,Home,Home,Home,Home
764,62113,NYK,LAL,31/01/2023,Home,Home,Away,/
765,62114,CHI,LAC,31/01/2023,Home,Home,Home,Home
766,62115,MIL,CHH,31/01/2023,Home,Home,Home,Home
767,62116,DN,NOP,31/01/2023,Home,Home,Home,Home
768,62117,MEM,POR,01/02/2023,Home,Home,Home,Home
769,62118,PHL,ORL,01/02/2023,Home,Home,Home,Home
770,62119,BOS,BKN,01/02/2023,Home,Home,Home,Home
771,62120,HOU,OKC,01/02/2023,Away,Away,Away,Away
772,62121,MIN,GOS,01/02/2023,Home,Away,Away,/
773,62122,SAN,SAC,01/02/2023,Away,Away,Away,Away
774,62123,UTH,TOR,01/02/2023,Home,Home,Home,Home
775,62124,PHX,ATL,01/02/2023,Home,Away,Home,/
776,62125,IND,LAL,02/02/2023,Away,Home,Home,/
777,62126,CLE,MEM,02/02/2023,Home,Home,Away,/
778,62127,NYK,MIA,02/02/2023,Home,Home,Away,/
779,62128,CHI,CHH,02/02/2023,Home,Home,Home,Home
780,62129,DAL,NOP,02/02/2023,Home,Home,Home,Home
781,62130,DN,GOS,02/02/2023,Home,Home,Home,Home
782,62131,MIL,LAC,02/02/2023,Home,Home,Home,Home
783,62132,DET,CHH,03/02/2023,Away,Home,Away,/
784,62133,IND,SAC,03/02/2023,Away,Away,Away,Away
785,62134,WAS,POR,03/02/2023,Away,Home,Home,/
786,62135,BOS,PHX,03/02/2023,Home,Home,Home,Home
787,62136,HOU,TOR,03/02/2023,Home,Away,Away,/
788,62137,MIN,ORL,03/02/2023,Home,Home,Home,Home
789,62138,SAN,PHL,03/02/2023,Away,Away,Away,Away
790,62139,UTH,ATL,03/02/2023,Home,Away,Home,/
791,62140,BKN,WAS,04/02/2023,Home,Home,Home,Home
792,62141,NOP,LAL,04/02/2023,Home,Home,Away,/
793,62142,DET,PHX,04/02/2023,Away,Away,Away,Away
794,62143,NYK,LAC,04/02/2023,Home,Away,Home,/
795,62144,CHI,POR,04/02/2023,Home,Home,Home,Home
796,62145,MIL,MIA,04/02/2023,Home,Home,Home,Home
797,62146,OKC,HOU,04/02/2023,Home,Home,Home,Home
798,62147,GOS,DAL,04/02/2023,Home,Home,Home,Home
799,62148,DN,ATL,04/02/2023,Home,Home,Home,Home
800,62149,CHH,ORL,05/02/2023,Home,Away,Home,/
801,62150,IND,CLE,05/02/2023,Away,Away,Away,Away
802,62151,MEM,TOR,05/02/2023,Home,Home,Home,Home
803,62152,NYK,PHL,05/02/2023,Away,Away,Away,Away
804,62153,MIN,DN,05/02/2023,Away,Away,Away,Away
805,62154,NOP,SAC,05/02/2023,Home,Away,Home,/
806,62155,DET,BOS,06/02/2023,Away,Away,Away,Away
807,62156,WAS,CLE,06/02/2023,Away,Home,Away,/
808,62157,BKN,LAC,06/02/2023,Home,Away,Home,/
809,62158,CHI,SAN,06/02/2023,Home,Home,Home,Home
810,62159,HOU,SAC,06/02/2023,Away,Away,Away,Away
811,62160,UTH,DAL,06/02/2023,Home,Home,Home,Home
812,62161,GOS,OKC,06/02/2023,Home,Home,Away,/
813,62162,POR,MIL,06/02/2023,Away,Away,Away,Away
814,62163,ORL,NYK,07/02/2023,Away,Home,Away,/
815,62164,BKN,PHX,07/02/2023,Home,Home,Away,/
816,62165,NOP,ATL,07/02/2023,Home,Away,Home,/
817,62166,MEM,CHI,07/02/2023,Away,Away,Home,/
818,62167,DN,MIN,07/02/2023,Home,Home,Home,Home
819,62168,LAL,OKC,07/02/2023,Home,Away,Home,/
820,62169,CLE,DET,08/02/2023,Home,Home,Home,Home
821,62170,WAS,CHH,08/02/2023,Home,Home,Home,Home
822,62171,BOS,PHL,08/02/2023,Home,Away,Home,/
823,62172,MIA,IND,08/02/2023,Home,Home,Home,Home
824,62173,TOR,SAN,08/02/2023,Home,Home,Home,Home
825,62174,HOU,SAC,08/02/2023,Away,Away,Away,Away
826,62175,UTH,MIN,08/02/2023,Home,Home,Home,Home
827,62176,LAC,DAL,08/02/2023,Home,Home,Home,Home
828,62177,POR,GOS,08/02/2023,Home,Home,Home,Home
829,62178,ORL,DN,09/02/2023,Away,Away,Away,Away
830,62179,ATL,PHX,09/02/2023,Home,Home,Away,/
831,62180,BKN,CHI,09/02/2023,Home,Home,Home,Home
832,62181,LAL,MIL,09/02/2023,Away,Away,Away,Away
833,62182,DET,SAN,10/02/2023,Home,Home,Home,Home
834,62183,IND,PHX,10/02/2023,Away,Away,Away,Away
835,62184,PHL,NYK,10/02/2023,Home,Home,Home,Home
836,62185,BOS,CHH,10/02/2023,Home,Home,Home,Home
837,62186,TOR,UTH,10/02/2023,Home,Home,Home,Home
838,62187,MEM,MIN,10/02/2023,Home,Home,Home,Home
839,62188,MIA,HOU,10/02/2023,Home,Home,Home,Home
840,62189,NOP,CLE,10/02/2023,Away,Home,Away,/
841,62190,POR,OKC,10/02/2023,Home,Home,Away,/
842,62191,SAC,DAL,10/02/2023,Home,Home,Home,Home
843,62192,LAC,MIL,10/02/2023,Away,Home,Away,/
844,62193,BKN,PHL,11/02/2023,Home,Away,Away,/
845,62194,CHH,DN,11/02/2023,Away,Away,Away,Away
846,62195,ORL,MIA,11/02/2023,Home,Away,Away,/
847,62196,WAS,IND,11/02/2023,Home,Home,Home,Home
848,62197,ATL,SAN,11/02/2023,Home,Home,Home,Home
849,62198,NYK,UTH,11/02/2023,Home,Home,Home,Home
850,62199,CLE,CHI,11/02/2023,Home,Home,Home,Home
851,62200,GOS,LAL,11/02/2023,Home,Home,Home,Home
852,62201,SAC,DAL,11/02/2023,Home,Home,Home,Home
853,62202,BOS,MEM,12/02/2023,Home,Home,Home,Home
854,62203,TOR,DET,12/02/2023,Home,Home,Home,Home
855,62204,CHH,ATL,13/02/2023,Away,Away,Away,Away
856,62205,CLE,SAN,13/02/2023,Home,Home,Home,Home
857,62206,IND,UTH,13/02/2023,Away,Home,Home,/
858,62207,PHL,HOU,13/02/2023,Home,Home,Home,Home
859,62208,MIA,DN,13/02/2023,Away,Away,Away,Away
860,62209,NYK,BKN,13/02/2023,Home,Home,Away,/
861,62210,CHI,ORL,13/02/2023,Home,Home,Home,Home
862,62211,OKC,NOP,13/02/2023,Away,Home,Away,/
863,62212,DAL,MIN,13/02/2023,Away,Home,Home,/
864,62213,GOS,WAS,13/02/2023,Away,Home,Home,/
865,62214,POR,LAL,13/02/2023,Home,Home,Home,Home
866,62215,MIL,BOS,14/02/2023,Home,Home,Home,Home
867,62216,TOR,ORL,14/02/2023,Home,Home,Home,Home
868,62217,PHX,SAC,14/02/2023,Home,Home,Home,Home
869,62218,LAC,GOS,14/02/2023,Home,Home,Home,Home
870,62219,POR,WAS,14/02/2023,Home,Home,Home,Home
871,62220,CHH,SAN,15/02/2023,Home,Home,Home,Home
872,62221,IND,CHI,15/02/2023,Away,Away,Home,/
873,62222,ATL,NYK,15/02/2023,Home,Home,Home,Home
874,62223,BOS,DET,15/02/2023,Home,Home,Home,Home
875,62224,BKN,MIA,15/02/2023,Home,Home,Home,Home
876,62225,PHL,CLE,15/02/2023,Away,Home,Home,/
877,62226,MEM,UTH,15/02/2023,Home,Home,Home,Home
878,62227,OKC,HOU,15/02/2023,Home,Home,Home,Home
879,62228,DN,DAL,15/02/2023,Home,Home,Home,Home
880,62229,LAL,NOP,15/02/2023,Away,Away,Away,Away
881,62230,CHI,MIL,16/02/2023,Away,Away,Away,Away
882,62231,MIN,WAS,16/02/2023,Home,Home,Home,Home
883,62232,PHX,LAC,16/02/2023,Home,Home,Home,Home
884,62233,CLE,DN,23/02/2023,Home,Away,Home,/
885,62234,IND,BOS,23/02/2023,Away,Away,Away,Away
886,62235,ORL,DET,23/02/2023,Home,Home,Home,Home
887,62236,PHL,MEM,23/02/2023,Home,Home,Home,Home
888,62237,TOR,NOP,23/02/2023,Home,Away,Home,/
889,62238,DAL,SAN,23/02/2023,Home,Home,Home,Home
890,62239,UTH,OKC,23/02/2023,Home,Away,Away,/
891,62240,LAL,GOS,23/02/2023,Home,Away,Home,/
892,62241,SAC,POR,23/02/2023,Home,Home,Home,Home
893,62242,WAS,NYK,24/02/2023,Home,Home,Away,/
894,62243,ATL,CLE,24/02/2023,Away,Away,Home,/
895,62244,MIL,MIA,24/02/2023,Home,Home,Home,Home
896,62245,CHI,BKN,24/02/2023,Away,Away,Away,Away
897,62246,MIN,CHH,24/02/2023,Home,Home,Home,Home
898,62247,GOS,HOU,24/02/2023,Home,Home,Home,Home
899,62248,PHX,OKC,24/02/2023,Home,Home,Home,Home
900,62249,LAC,SAC,24/02/2023,Home,Home,Home,Home
901,62250,DET,TOR,25/02/2023,Away,Away,Away,Away
902,62251,CHH,MIA,25/02/2023,Home,Away,Away,/
903,62252,ORL,IND,25/02/2023,Home,Home,Home,Home
904,62253,NYK,NOP,25/02/2023,Home,Home,Home,Home
905,62254,MEM,DN,25/02/2023,Away,Away,Home,/
906,62255,PHL,BOS,25/02/2023,Home,Home,Home,Home
907,62256,UTH,SAN,25/02/2023,Home,Home,Home,Home
908,62257,MIL,PHX,26/02/2023,Home,Home,Home,Home
909,62258,ATL,BKN,26/02/2023,Home,Home,Home,Home
910,62259,CHI,WAS,26/02/2023,Home,Away,Home,/
911,62260,DAL,LAL,26/02/2023,Home,Home,Home,Home
912,62261,CLE,TOR,26/02/2023,Home,Home,Home,Home
913,62262,OKC,SAC,26/02/2023,Away,Away,Home,/
914,62263,GOS,MIN,26/02/2023,Home,Home,Home,Home
915,62264,POR,HOU,26/02/2023,Home,Home,Home,Home
916,62265,DN,LAC,26/02/2023,Home,Home,Home,Home
917,62266,CHH,DET,27/02/2023,Home,Home,Home,Home
918,62267,PHL,MIA,27/02/2023,Home,Home,Home,Home
919,62268,NYK,BOS,27/02/2023,Away,Away,Away,Away
920,62269,NOP,ORL,27/02/2023,Home,Home,Home,Home
921,62270,ATL,WAS,28/02/2023,Home,Home,Home,Home
922,62271,BKN,MIL,28/02/2023,Away,Away,Away,Away
923,62272,MEM,LAL,28/02/2023,Home,Home,Home,Home
924,62273,TOR,CHI,28/02/2023,Home,Home,Home,Home
925,62274,HOU,DN,28/02/2023,Away,Away,Away,Away
926,62275,OKC,SAC,28/02/2023,Away,Away,Home,/
927,62276,DAL,IND,28/02/2023,Home,Home,Home,Home
928,62277,UTH,SAN,28/02/2023,Home,Home,Home,Home
929,62278,GOS,POR,28/02/2023,Home,Home,Home,Home
930,62279,LAC,MIN,28/02/2023,Home,Home,Home,Home
931,62280,CHH,PHX,01/03/2023,Away,Away,Away,Away
932,62281,DET,CHI,01/03/2023,Away,Away,Away,Away
933,62282,BOS,CLE,01/03/2023,Home,Home,Home,Home
934,62283,MIA,PHL,01/03/2023,Away,Away,Away,Away
935,62284,NYK,BKN,01/03/2023,Home,Home,Home,Home
936,62285,HOU,MEM,01/03/2023,Away,Away,Away,Away
937,62286,MIL,ORL,01/03/2023,Home,Home,Home,Home
938,62287,OKC,LAL,01/03/2023,Home,Home,Home,Home
939,62288,POR,NOP,01/03/2023,Home,Away,Home,/
940,62289,WAS,TOR,02/03/2023,Home,Home,Away,/
941,62290,DAL,PHL,02/03/2023,Away,Away,Away,Away
942,62291,SAN,IND,02/03/2023,Away,Home,Away,/
943,62292,GOS,LAC,02/03/2023,Home,Home,Home,Home
944,62293,CHH,ORL,03/03/2023,Home,Away,Home,/
945,62294,ATL,POR,03/03/2023,Home,Home,Home,Home
946,62295,BOS,BKN,03/03/2023,Home,Home,Home,Home
947,62296,CHI,PHX,03/03/2023,Away,Away,Away,Away
948,62297,MIA,NYK,03/03/2023,Away,Away,Home,/
949,62298,OKC,UTH,03/03/2023,Away,Home,Home,/
950,62299,DN,MEM,03/03/2023,Home,Home,Home,Home
951,62300,GOS,NOP,03/03/2023,Home,Away,Home,/
952,62301,SAC,LAC,03/03/2023,Home,Home,Home,Home
953,62302,LAL,MIN,03/03/2023,Home,Home,Home,Home
954,62303,WAS,TOR,04/03/2023,Home,Home,Away,/
955,62304,CLE,DET,04/03/2023,Home,Home,Home,Home
956,62305,MIA,ATL,04/03/2023,Away,Home,Home,/
957,62306,SAN,HOU,04/03/2023,Home,Home,Home,Home
958,62307,MIL,PHL,04/03/2023,Home,Home,Home,Home
959,62308,SAC,MIN,04/03/2023,Home,Home,Home,Home
960,62309,DAL,PHX,05/03/2023,Home,Home,Away,/
961,62310,CHI,IND,05/03/2023,Home,Home,Home,Home
962,62311,LAL,GOS,05/03/2023,Home,Away,Away,/
963,62312,BKN,CHH,05/03/2023,Home,Home,Home,Home
964,62313,ORL,POR,05/03/2023,Home,Away,Home,/
965,62314,HOU,SAN,05/03/2023,Home,Home,Home,Home
966,62315,OKC,UTH,05/03/2023,Away,Home,Home,/
967,62316,BOS,NYK,05/03/2023,Home,Home,Home,Home
968,62317,WAS,MIL,05/03/2023,Away,Away,Away,Away
969,62318,LAC,MEM,05/03/2023,Away,Home,Away,/
970,62319,CLE,BOS,06/03/2023,Home,Home,Home,Home
971,62320,DET,POR,06/03/2023,Away,Away,Away,Away
972,62321,IND,PHL,06/03/2023,Away,Away,Away,Away
973,62322,MIA,ATL,06/03/2023,Away,Away,Home,/
974,62323,DN,TOR,06/03/2023,Home,Home,Home,Home
975,62324,SAC,NOP,06/03/2023,Home,Home,Home,Home
976,62325,DET,WAS,07/03/2023,Away,Away,Away,Away
977,62326,ORL,MIL,07/03/2023,Away,Away,Away,Away
978,62327,MIN,PHL,07/03/2023,Away,Away,Away,Away
979,62328,NYK,CHH,07/03/2023,Home,Home,Home,Home
980,62329,HOU,BKN,07/03/2023,Away,Away,Away,Away
981,62330,OKC,GOS,07/03/2023,Home,Home,Home,Home
982,62331,DAL,UTH,07/03/2023,Home,Home,Home,Home
983,62332,LAL,MEM,07/03/2023,Away,Away,Away,Away
984,62333,WAS,ATL,08/03/2023,Home,Home,Away,/
985,62334,BOS,POR,08/03/2023,Home,Home,Home,Home
986,62335,MIA,CLE,08/03/2023,Away,Away,Away,Away
987,62336,NOP,DAL,08/03/2023,Away,Home,Home,/
988,62337,DN,CHI,08/03/2023,Home,Home,Home,Home
989,62338,PHX,OKC,08/03/2023,Home,Home,Home,Home
990,62339,LAC,TOR,08/03/2023,Home,Home,Home,Home
991,62340,DET,CHH,09/03/2023,Away,Away,Away,Away
992,62341,IND,HOU,09/03/2023,Home,Home,Home,Home
993,62342,ORL,UTH,09/03/2023,Away,Home,Home,/
994,62343,MEM,GOS,09/03/2023,Home,Home,Home,Home
995,62344,MIL,BKN,09/03/2023,Home,Home,Home,Home
996,62345,SAC,NYK,09/03/2023,Home,Home,Home,Home
997,62346,PHL,POR,10/03/2023,Home,Home,Home,Home
998,62347,WAS,ATL,10/03/2023,Home,Away,Away,/
999,62348,MIA,CLE,10/03/2023,Away,Away,Away,Away
1000,62349,MIN,BKN,10/03/2023,Home,Home,Away,/
1001,62350,SAN,DN,10/03/2023,Away,Away,Away,Away
1002,62351,LAL,TOR,10/03/2023,Home,Home,Home,Home
1003,62352,LAC,NYK,11/03/2023,Home,Home,Home,Home
1004,62353,CHH,UTH,11/03/2023,Away,Home,Away,/
1005,62354,DET,IND,11/03/2023,Away,Away,Away,Away
1006,62355,ORL,MIA,11/03/2023,Away,Home,Away,/
1007,62356,ATL,BOS,11/03/2023,Away,Home,Away,/
1008,62357,HOU,CHI,11/03/2023,Away,Away,Away,Away
1009,62358,MEM,DAL,11/03/2023,Home,Home,Home,Home
1010,62359,GOS,MIL,11/03/2023,Away,Away,Away,Away
1011,62360,NOP,OKC,11/03/2023,Home,Home,Away,/
1012,62361,PHX,SAC,11/03/2023,Home,Away,Home,/
1013,62362,DN,BKN,12/03/2023,Home,Home,Home,Home
1014,62363,CHH,CLE,12/03/2023,Away,Away,Away,Away
1015,62364,PHL,WAS,12/03/2023,Home,Home,Home,Home
1016,62365,NOP,POR,12/03/2023,Home,Home,Home,Home
1017,62366,SAN,OKC,12/03/2023,Away,Away,Away,Away
1018,62367,LAL,NYK,12/03/2023,Home,Away,Home,/
1019,62368,DET,IND,13/03/2023,Away,Away,Away,Away
1020,62369,ATL,MIN,13/03/2023,Home,Home,Home,Home
1021,62370,DAL,MEM,13/03/2023,Away,Home,Away,/
1022,62371,MIA,UTH,13/03/2023,Home,Home,Home,Home
1023,62372,HOU,BOS,13/03/2023,Away,Away,Away,Away
1024,62373,GOS,PHX,13/03/2023,Away,Away,Away,Away
1025,62374,SAC,MIL,13/03/2023,Away,Home,Away,/
1026,62375,CHH,CLE,14/03/2023,Away,Away,Away,Away
1027,62376,WAS,DET,14/03/2023,Home,Home,Home,Home
1028,62377,TOR,DN,14/03/2023,Away,Home,Away,/
1029,62378,NOP,LAL,14/03/2023,Away,Home,Home,/
1030,62379,OKC,BKN,14/03/2023,Away,Home,Away,/
1031,62380,SAN,ORL,14/03/2023,Away,Away,Away,Away
1032,62381,PHX,MIL,14/03/2023,Away,Away,Away,Away
1033,62382,POR,NYK,14/03/2023,Away,Away,Away,Away
1034,62383,CLE,PHL,15/03/2023,Away,Away,Home,/
1035,62384,MIA,MEM,15/03/2023,Away,Home,Away,/
1036,62385,CHI,SAC,15/03/2023,Away,Away,Away,Away
1037,62386,HOU,LAL,15/03/2023,Away,Away,Away,Away
1038,62387,MIN,BOS,15/03/2023,Home,Away,Away,/
1039,62388,SAN,DAL,15/03/2023,Away,Away,Away,Away
1040,62389,LAC,GOS,15/03/2023,Home,Home,Home,Home
1041,62390,DET,DN,16/03/2023,Away,Away,Away,Away
1042,62391,BKN,SAC,16/03/2023,Home,Away,Home,/
1043,62392,TOR,OKC,16/03/2023,Home,Away,Home,/
1044,62393,MIL,IND,16/03/2023,Home,Home,Home,Home
1045,62394,PHX,ORL,16/03/2023,Home,Home,Home,Home
1046,62395,CHH,PHL,17/03/2023,Away,Away,Away,Away
1047,62396,ATL,GOS,17/03/2023,Home,Home,Away,/
1048,62397,CLE,WAS,17/03/2023,Home,Home,Home,Home
1049,62398,CHI,MIN,17/03/2023,Home,Home,Away,/
1050,62399,HOU,NOP,17/03/2023,Away,Away,Away,Away
1051,62400,SAN,MEM,17/03/2023,Away,Away,Away,Away
1052,62401,POR,BOS,17/03/2023,Away,Away,Away,Away
1053,62402,LAL,DAL,17/03/2023,Home,Away,Home,/
1054,62403,NYK,DN,18/03/2023,Away,Home,Away,/
1055,62404,LAC,ORL,18/03/2023,Home,Home,Home,Home
1056,62405,IND,PHL,18/03/2023,Away,Away,Away,Away
1057,62406,TOR,MIN,18/03/2023,Away,Home,Home,/
1058,62407,CHI,MIA,18/03/2023,Home,Home,Home,Home
1059,62408,MEM,GOS,18/03/2023,Home,Home,Home,Home
1060,62409,WAS,SAC,18/03/2023,Home,Away,Away,/
1061,62410,UTH,BOS,18/03/2023,Away,Away,Away,Away
1062,62411,BKN,DN,19/03/2023,Away,Away,Away,Away
1063,62412,OKC,PHX,19/03/2023,Away,Home,Away,/
1064,62413,SAN,ATL,19/03/2023,Away,Away,Away,Away
1065,62414,DET,MIA,19/03/2023,Away,Away,Away,Away
1066,62415,HOU,NOP,19/03/2023,Away,Away,Away,Away
1067,62416,MIL,TOR,19/03/2023,Home,Home,Home,Home
1068,62417,POR,LAC,19/03/2023,Away,Away,Away,Away
1069,62418,LAL,ORL,19/03/2023,Home,Home,Home,Home
1070,62419,CHH,IND,20/03/2023,Away,Away,Away,Away
1071,62420,PHL,CHI,20/03/2023,Home,Home,Home,Home
1072,62421,NYK,MIN,20/03/2023,Home,Home,Home,Home
1073,62422,HOU,GOS,20/03/2023,Away,Away,Away,Away
1074,62423,MEM,DAL,20/03/2023,Home,Home,Home,Home
1075,62424,UTH,SAC,20/03/2023,Home,Away,Away,/
1076,62425,ORL,WAS,21/03/2023,Away,Home,Away,/
1077,62426,ATL,DET,21/03/2023,Home,Home,Home,Home
1078,62427,BKN,CLE,21/03/2023,Away,Away,Home,/
1079,62428,NOP,SAN,21/03/2023,Home,Home,Home,Home
1080,62429,SAC,BOS,21/03/2023,Home,Home,Away,/
1081,62430,LAC,OKC,21/03/2023,Home,Home,Home,Home
1082,62431,WAS,DN,22/03/2023,Away,Away,Away,Away
1083,62432,DAL,GOS,22/03/2023,Home,Home,Home,Home
1084,62433,MIA,NYK,22/03/2023,Home,Home,Away,/
1085,62434,TOR,IND,22/03/2023,Home,Home,Home,Home
1086,62435,CHI,PHL,22/03/2023,Away,Away,Away,Away
1087,62436,MEM,HOU,22/03/2023,Home,Home,Home,Home
1088,62437,MIL,SAN,22/03/2023,Home,Home,Home,Home
1089,62438,MIN,ATL,22/03/2023,Home,Home,Home,Home
1090,62439,UTH,POR,22/03/2023,Home,Home,Home,Home
1091,62440,LAL,PHX,22/03/2023,Away,Away,Away,Away
1092,62441,ORL,NYK,23/03/2023,Away,Home,Away,/
1093,62442,BKN,CLE,23/03/2023,Home,Away,Home,/
1094,62443,NOP,CHH,23/03/2023,Home,Home,Home,Home
1095,62444,LAC,OKC,23/03/2023,Home,Home,Home,Home
1096,62445,BOS,IND,24/03/2023,Home,Home,Home,Home
1097,62446,WAS,SAN,24/03/2023,Home,Home,Home,Home
1098,62447,TOR,DET,24/03/2023,Home,Home,Home,Home
1099,62448,MEM,HOU,24/03/2023,Home,Home,Home,Home
1100,62449,DAL,CHH,24/03/2023,Home,Home,Home,Home
1101,62450,UTH,MIL,24/03/2023,Away,Away,Away,Away
1102,62451,GOS,PHL,24/03/2023,Away,Away,Away,Away
1103,62452,POR,CHI,24/03/2023,Away,Away,Home,/
1104,62453,SAC,PHX,24/03/2023,Home,Home,Home,Home
1105,62454,LAL,OKC,24/03/2023,Home,Away,Home,/
1106,62455,ATL,IND,25/03/2023,Home,Home,Home,Home
1107,62456,MIA,BKN,25/03/2023,Home,Home,Away,/
1108,62457,DN,MIL,25/03/2023,Away,Home,Away,/
1109,62458,PHX,PHL,25/03/2023,Away,Away,Away,Away
1110,62459,SAC,UTH,25/03/2023,Home,Home,Home,Home
1111,62460,LAC,NOP,25/03/2023,Home,Home,Home,Home
1112,62461,CHH,DAL,26/03/2023,Home,Away,Home,/
1113,62462,LAL,CHI,26/03/2023,Home,Away,Home,/
1114,62463,ATL,MEM,26/03/2023,Away,Home,Away,/
1115,62464,BOS,SAN,26/03/2023,Home,Home,Home,Home
1116,62465,CLE,HOU,26/03/2023,Home,Home,Home,Home
1117,62466,ORL,BKN,26/03/2023,Away,Home,Away,/
1118,62467,TOR,WAS,26/03/2023,Away,Home,Home,/
1119,62468,POR,OKC,26/03/2023,Home,Away,Home,/
1120,62469,GOS,MIN,26/03/2023,Home,Home,Home,Home
1121,62470,DET,MIL,27/03/2023,Away,Away,Away,Away
1122,62471,IND,DAL,27/03/2023,Home,Home,Home,Home
1123,62472,NYK,HOU,27/03/2023,Home,Home,Home,Home
1124,62473,UTH,PHX,27/03/2023,Home,Away,Home,/
1125,62474,DN,PHL,27/03/2023,Home,Away,Home,/
1126,62475,POR,NOP,27/03/2023,Home,Away,Home,/
1127,62476,SAC,MIN,27/03/2023,Home,Home,Home,Home
1128,62477,LAC,CHI,27/03/2023,Home,Away,Home,/
1129,62478,WAS,BOS,28/03/2023,Away,Away,Away,Away
1130,62479,ATL,CLE,28/03/2023,Home,Home,Away,/
1131,62480,TOR,MIA,28/03/2023,Home,Home,Home,Home
1132,62481,MEM,ORL,28/03/2023,Home,Home,Home,Home
1133,62482,OKC,CHH,28/03/2023,Home,Home,Home,Home
1134,62483,GOS,NOP,28/03/2023,Home,Away,Home,/
1135,62484,IND,MIL,29/03/2023,Away,Away,Away,Away
1136,62485,BKN,HOU,29/03/2023,Home,Home,Home,Home
1137,62486,NYK,MIA,29/03/2023,Home,Home,Home,Home
1138,62487,PHL,DAL,29/03/2023,Home,Home,Home,Home
1139,62488,CHI,LAL,29/03/2023,Home,Home,Home,Home
1140,62489,MEM,LAC,29/03/2023,Home,Home,Home,Home
1141,62490,OKC,DET,29/03/2023,Home,Home,Home,Home
1142,62491,SAN,UTH,29/03/2023,Away,Away,Away,Away
1143,62492,PHX,MIN,29/03/2023,Home,Home,Home,Home
1144,62493,POR,SAC,29/03/2023,Away,Away,Away,Away
1145,62494,MIL,BOS,30/03/2023,Home,Home,Home,Home
1146,62495,DN,NOP,30/03/2023,Home,Home,Home,Home
1147,62496,CHH,CHI,31/03/2023,Away,Away,Away,Away
1148,62497,IND,OKC,31/03/2023,Home,Away,Away,/
1149,62498,PHL,TOR,31/03/2023,Home,Home,Home,Home
1150,62499,WAS,ORL,31/03/2023,Home,Home,Home,Home
1151,62500,BOS,UTH,31/03/2023,Home,Home,Home,Home
1152,62501,BKN,ATL,31/03/2023,Home,Home,Home,Home
1153,62502,CLE,NYK,31/03/2023,Home,Home,Home,Home
1154,62503,HOU,DET,31/03/2023,Home,Home,Home,Home
1155,62504,MEM,LAC,31/03/2023,Home,Home,Home,Home
1156,62505,MIN,LAL,31/03/2023,Home,Home,Home,Home
1157,62506,GOS,SAN,31/03/2023,Home,Home,Home,Home
1158,62507,POR,SAC,31/03/2023,Away,Away,Away,Away
1159,62508,PHX,DN,31/03/2023,Away,Away,Away,Away
1160,62509,MIA,DAL,01/04/2023,Home,Home,Home,Home
1161,62510,NOP,LAC,01/04/2023,Home,Home,Home,Home
1162,62511,CHH,TOR,02/04/2023,Away,Away,Away,Away
1163,62512,BKN,UTH,02/04/2023,Home,Home,Home,Home
1164,62513,CHI,MEM,02/04/2023,Away,Home,Away,/
1165,62514,MIN,POR,02/04/2023,Home,Home,Home,Home
1166,62515,ATL,DAL,02/04/2023,Home,Home,Home,Home
1167,62516,NYK,WAS,02/04/2023,Home,Home,Home,Home
1168,62517,ORL,DET,02/04/2023,Home,Home,Home,Home
1169,62518,SAC,SAN,02/04/2023,Home,Home,Home,Home
1170,62519,HOU,LAL,02/04/2023,Away,Away,Away,Away
1171,62520,OKC,PHX,02/04/2023,Away,Home,Away,/
1172,62521,CLE,IND,02/04/2023,Home,Home,Home,Home
1173,62522,MIL,PHL,02/04/2023,Home,Home,Home,Home
1174,62523,DN,GOS,02/04/2023,Home,Home,Home,Home
1175,62524,CHH,TOR,04/04/2023,Away,Away,Away,Away
1176,62525,DET,MIA,04/04/2023,Away,Away,Away,Away
1177,62526,ORL,CLE,04/04/2023,Away,Away,Away,Away
1178,62527,WAS,MIL,04/04/2023,Away,Away,Away,Away
1179,62528,BKN,MIN,04/04/2023,Home,Home,Home,Home
1180,62529,CHI,ATL,04/04/2023,Home,Home,Home,Home
1181,62530,HOU,DN,04/04/2023,Away,Away,Away,Away
1182,62531,MEM,POR,04/04/2023,Home,Home,Home,Home
1183,62532,NOP,SAC,04/04/2023,Away,Home,Away,/
1184,62533,PHL,BOS,04/04/2023,Away,Home,Away,/
1185,62534,UTH,LAL,04/04/2023,Home,Away,Home,/
1186,62535,GOS,OKC,04/04/2023,Home,Home,Home,Home
1187,62536,PHX,SAN,04/04/2023,Home,Home,Home,Home
1188,62537,DET,BKN,05/04/2023,Away,Away,Away,Away
1189,62538,IND,NYK,05/04/2023,Away,Away,Away,Away
1190,62539,ATL,WAS,05/04/2023,Home,Home,Home,Home
1191,62540,BOS,TOR,05/04/2023,Home,Home,Home,Home
1192,62541,MIL,CHI,05/04/2023,Home,Home,Home,Home
1193,62542,NOP,MEM,05/04/2023,Away,Home,Away,/
1194,62543,DAL,SAC,05/04/2023,Away,Home,Away,/
1195,62544,LAC,LAL,05/04/2023,Home,Home,Home,Home
1196,62545,ORL,CLE,06/04/2023,Away,Away,Away,Away
1197,62546,PHL,MIA,06/04/2023,Home,Home,Home,Home
1198,62547,SAN,POR,06/04/2023,Away,Away,Away,Away
1199,62548,UTH,OKC,06/04/2023,Home,Away,Home,/
1200,62549,PHX,DN,06/04/2023,Home,Home,Home,Home
1201,62550,CHH,HOU,07/04/2023,Home,Away,Home,/
1202,62551,IND,DET,07/04/2023,Home,Home,Home,Home
1203,62552,WAS,MIA,07/04/2023,Home,Away,Home,/
1204,62553,ATL,PHL,07/04/2023,Home,Home,Home,Home
1205,62554,BOS,TOR,07/04/2023,Home,Home,Home,Home
1206,62555,BKN,ORL,07/04/2023,Home,Home,Home,Home
1207,62556,MIL,MEM,07/04/2023,Home,Home,Home,Home
1208,62557,NOP,NYK,07/04/2023,Away,Home,Away,/
1209,62558,DAL,CHI,07/04/2023,Home,Home,Away,/
1210,62559,SAC,GOS,07/04/2023,Home,Home,Home,Home
1211,62560,LAL,PHX,07/04/2023,Away,Home,Away,/
1212,62561,UTH,DN,08/04/2023,Away,Away,Away,Away
1213,62562,LAC,POR,08/04/2023,Home,Home,Home,Home
1214,62563,SAN,MIN,08/04/2023,Away,Away,Away,Away
1215,62564,BOS,ATL,09/04/2023,Home,Home,Home,Home
1216,62565,BKN,PHL,09/04/2023,Home,Away,Home,/
1217,62566,CHI,DET,09/04/2023,Home,Home,Home,Home
1218,62567,CLE,CHH,09/04/2023,Home,Home,Home,Home
1219,62568,MIA,ORL,09/04/2023,Home,Home,Home,Home
1220,62569,NYK,IND,09/04/2023,Home,Home,Home,Home
1221,62570,TOR,MIL,09/04/2023,Away,Away,Away,Away
1222,62571,WAS,HOU,09/04/2023,Home,Home,Home,Home
1223,62572,DAL,SAN,09/04/2023,Home,Home,Home,Home
1224,62573,DN,SAC,09/04/2023,Home,Home,Home,Home
1225,62574,LAL,UTH,09/04/2023,Home,Home,Home,Home
1226,62575,MIN,NOP,09/04/2023,Away,Away,Home,/
1227,62576,OKC,MEM,09/04/2023,Away,Away,Away,Away
1228,62577,PHX,LAC,09/04/2023,Home,Away,Home,/
1229,62578,POR,GOS,09/04/2023,Away,Away,Away,Away
